name,gender,credit_score
Rahul,Male,692.2873058332252
Arjun,Male,694.9709034996198
Suresh,Male,689.5430502912209
Suresh,Male,697.9108204262913
Raj,Male,695.9298410819323
Rahul,Male,718.5078114243573
Arjun,Male,688.3402581431953
Arjun,Male,701.0269051674859
Vikram,Male,702.4784628190182
Raj,Male,689.2967945134816
Raj,Male,706.8682749545284
Suresh,Male,696.0167298711838
Suresh,Male,675.0761034841694
Arjun,Male,706.5984961210456
Vikram,Male,688.8305911589764
Arjun,Male,689.522250538609
Amit,Male,706.879020828924
Suresh,Male,696.5283851758155
Amit,Male,709.177721505515
Vikram,Male,712.1016609536532
Arjun,Male,693.550715396777
Suresh,Male,707.9326249595503
Vikram,Male,692.4453919860712
Arjun,Male,722.3311591713218
Arjun,Male,693.0704299546878
Amit,Male,710.2608744096001
Rahul,Male,708.4379002588157
Raj,Male,703.1608782210893
Suresh,Male,693.2945683858331
Raj,Male,698.4860250805859
Vikram,Male,678.4641188705544
Raj,Male,702.2442003838225
Amit,Male,703.4961533102838
Rahul,Male,701.3349941906138
Suresh,Male,670.2669382870745
Arjun,Male,687.3436355491019
Arjun,Male,692.5190901715134
Amit,Male,702.9165893318905
Suresh,Male,702.8933890564299
Raj,Male,698.2977620802882
Arjun,Male,706.3524553660395
Raj,Male,689.737576246971
Amit,Male,706.1023500569399
Arjun,Male,704.7474210483989
Vikram,Male,703.7755473283792
Rahul,Male,698.1795956891434
Raj,Male,718.3074382483126
Suresh,Male,704.9319568848988
Raj,Male,690.3166413674644
Raj,Male,702.4830547573598
Raj,Male,707.5248337707421
Amit,Male,694.118914010757
Amit,Male,710.892722469311
Suresh,Male,703.8203370571601
Amit,Male,676.5752166233465
Suresh,Male,702.9967197733793
Suresh,Male,695.9397084558728
Amit,Male,705.3717981454174
Arjun,Male,709.4421484025181
Amit,Male,701.9516204714182
Arjun,Male,716.6525223394469
Vikram,Male,698.212931154365
Amit,Male,706.2481782305388
Vikram,Male,708.0494257363735
Amit,Male,699.0265403110727
Vikram,Male,707.7877430797778
Rahul,Male,694.0532701283784
Vikram,Male,695.7743158097878
Arjun,Male,686.8751130966368
Raj,Male,702.4140911637005
Suresh,Male,703.2525167585435
Vikram,Male,711.7926315857923
Raj,Male,707.9114000435588
Rahul,Male,697.1520444335257
Rahul,Male,688.2182031266573
Arjun,Male,704.3285040251998
Arjun,Male,711.1075317241464
Vikram,Male,707.5518497380394
Amit,Male,710.8447752485729
Rahul,Male,697.8811046880176
Raj,Male,695.3338103182435
Amit,Male,692.630986477682
Rahul,Male,699.4410353338641
Vikram,Male,699.2140920403118
Rahul,Male,702.0667762853911
Arjun,Male,698.7070254296449
Raj,Male,698.6637227027323
Raj,Male,692.2330594702786
Arjun,Male,709.4161901355149
Amit,Male,700.7651806224371
Arjun,Male,698.2555606571472
Raj,Male,692.5257074675079
Vikram,Male,686.6808688960891
Amit,Male,713.0796419254934
Suresh,Male,705.546387081318
Rahul,Male,683.7608215743003
Suresh,Male,707.6314230070966
Vikram,Male,709.2248117023311
Suresh,Male,701.2437612230093
Amit,Male,715.9811089575176
Raj,Male,702.1671964212288
Raj,Male,685.8317647205081
Vikram,Male,703.6516900104832
Suresh,Male,702.4489730171273
Amit,Male,693.9670315122185
Rahul,Male,705.7355883687743
Suresh,Male,683.3233473380914
Suresh,Male,709.9056682744279
Rahul,Male,691.2187829639455
Arjun,Male,690.1505387488297
Vikram,Male,698.8617522769252
Amit,Male,704.3297292804364
Vikram,Male,701.6392406359342
Rahul,Male,692.5734083422763
Amit,Male,694.9391070880811
Raj,Male,688.6695765262253
Raj,Male,697.7532009837013
Amit,Male,710.7502121451091
Vikram,Male,699.9573706235612
Vikram,Male,708.5941425475945
Raj,Male,714.5540133772619
Raj,Male,694.1198148096304
Rahul,Male,698.1342674694464
Amit,Male,721.7119286106249
Vikram,Male,714.4434341197995
Rahul,Male,683.2759547418765
Vikram,Male,703.871483160609
Raj,Male,700.005599923397
Amit,Male,708.2645311085877
Arjun,Male,692.5502123251495
Amit,Male,691.6039162795932
Suresh,Male,693.2392928470639
Arjun,Male,694.2807145380157
Rahul,Male,708.1532416680901
Arjun,Male,688.1879882685112
Arjun,Male,693.7738610004068
Rahul,Male,682.1098760949856
Amit,Male,710.0711782341237
Rahul,Male,712.7103009943114
Suresh,Male,696.7292656913621
Raj,Male,697.0205063518678
Raj,Male,704.5322190228289
Arjun,Male,714.7448200737825
Rahul,Male,704.0861074756392
Rahul,Male,693.0245805752488
Rahul,Male,683.8117742801356
Suresh,Male,688.8487373733651
Suresh,Male,700.7321945031247
Amit,Male,693.446724767992
Vikram,Male,701.9496770599076
Vikram,Male,694.4707598376376
Vikram,Male,689.4185356870559
Amit,Male,688.2296836854692
Rahul,Male,715.6235450937323
Vikram,Male,708.8898774918364
Rahul,Male,717.3051795182796
Arjun,Male,705.399509007551
Vikram,Male,695.7000859138516
Arjun,Male,713.2334092248993
Amit,Male,699.6693199863823
Raj,Male,702.2084177029035
Suresh,Male,699.5717562092448
Amit,Male,670.5309578071599
Amit,Male,716.0473501229485
Amit,Male,704.9100394595775
Vikram,Male,703.2982306086851
Arjun,Male,699.3822393772944
Suresh,Male,701.6342782038613
Vikram,Male,694.0272106415375
Raj,Male,706.1657935230727
Suresh,Male,686.9290165560087
Amit,Male,701.8606843247055
Rahul,Male,705.615734705711
Raj,Male,698.013308661771
Arjun,Male,703.7086779247103
Raj,Male,690.0866560776575
Vikram,Male,690.3417322910403
Rahul,Male,702.3671712102639
Vikram,Male,706.7854965462105
Suresh,Male,681.2513434449829
Amit,Male,705.2202063511077
Amit,Male,694.5679849962366
Raj,Male,698.0719391269258
Amit,Male,686.6048207643496
Amit,Male,691.483827598133
Suresh,Male,709.6612532553031
Arjun,Male,700.3286337398022
Arjun,Male,696.1722159829044
Vikram,Male,698.8351164736897
Vikram,Male,704.892118246643
Arjun,Male,704.4049449616334
Raj,Male,699.249729996032
Arjun,Male,710.9295911089666
Vikram,Male,709.7046263690667
Rahul,Male,704.1337202913039
Amit,Male,700.5461178291007
Suresh,Male,706.5732109511954
Rahul,Male,703.1426742180118
Rahul,Male,710.6080007180594
Amit,Male,708.995613767383
Arjun,Male,689.8174609858227
Raj,Male,689.1403682925829
Rahul,Male,692.9875045559593
Raj,Male,709.7613869006692
Suresh,Male,684.2369100322876
Suresh,Male,703.94757389108
Suresh,Male,703.6254309109296
Vikram,Male,711.6264805868619
Rahul,Male,701.8033869066388
Suresh,Male,686.567906094161
Vikram,Male,690.4064503935188
Suresh,Male,688.1800447810217
Arjun,Male,694.6205603366686
Rahul,Male,698.1709843257607
Vikram,Male,688.3455847377894
Suresh,Male,714.7066199065229
Vikram,Male,686.7471862804756
Suresh,Male,713.4610342386248
Arjun,Male,711.8516303143934
Raj,Male,708.9830254968904
Suresh,Male,693.0623339250325
Raj,Male,703.424508791769
Rahul,Male,687.2262886644938
Arjun,Male,709.1090703503374
Rahul,Male,699.2601521846373
Raj,Male,695.9067978541332
Arjun,Male,687.7625515334373
Amit,Male,675.2249388137099
Arjun,Male,689.6145914296425
Arjun,Male,711.127981956129
Amit,Male,695.971665715252
Vikram,Male,698.3067114288496
Vikram,Male,706.5555435828845
Vikram,Male,718.0566887811626
Raj,Male,713.2500465494564
Arjun,Male,690.2766499618381
Suresh,Male,680.5742942856259
Amit,Male,723.596142591001
Suresh,Male,722.6899161165945
Raj,Male,701.8845359642928
Amit,Male,687.2951175441818
Suresh,Male,709.6322653389394
Raj,Male,698.9201631398739
Raj,Male,698.8701887689339
Raj,Male,708.9445884310513
Amit,Male,703.343747468733
Suresh,Male,688.1418508898505
Suresh,Male,696.7525806491802
Rahul,Male,706.6115292866135
Raj,Male,705.1025222240502
Vikram,Male,702.6201657435847
Arjun,Male,709.3342295447586
Rahul,Male,696.3828301218274
Rahul,Male,701.7866977521908
Amit,Male,666.2442089982239
Rahul,Male,695.5034980615719
Suresh,Male,707.6390290857564
Amit,Male,696.0960553288286
Amit,Male,695.3377260828289
Vikram,Male,689.5854704822518
Raj,Male,710.0336589272914
Rahul,Male,705.4846327354057
Raj,Male,708.2541459782309
Raj,Male,682.7378603804211
Raj,Male,698.3954995673437
Amit,Male,697.1988899224999
Raj,Male,697.1942829340145
Rahul,Male,693.8397245628205
Amit,Male,696.5389572821998
Rahul,Male,708.4964478270665
Amit,Male,680.8714864665217
Arjun,Male,717.7729476803046
Arjun,Male,704.8384112502646
Arjun,Male,699.5766810433979
Arjun,Male,709.0683414637292
Amit,Male,685.4816525483157
Raj,Male,693.3529909484898
Vikram,Male,698.7892456760944
Suresh,Male,713.6556037043217
Vikram,Male,699.5350341887345
Arjun,Male,704.5005467118515
Raj,Male,694.1042100406387
Rahul,Male,704.868420689675
Raj,Male,716.7723959297446
Rahul,Male,709.9552669167412
Vikram,Male,699.1854401222212
Raj,Male,706.7549084726547
Raj,Male,705.7751695460721
Suresh,Male,705.0658767169728
Vikram,Male,711.1195336086041
Raj,Male,711.0447770383747
Rahul,Male,698.7284140312512
Raj,Male,706.4187906147777
Rahul,Male,696.169050788402
Arjun,Male,690.7692760368442
Raj,Male,697.3050624429601
Rahul,Male,699.2372184826041
Vikram,Male,683.3841901082201
Arjun,Male,708.6033255941672
Raj,Male,672.326745773976
Suresh,Male,727.1481693948632
Rahul,Male,715.0187913379632
Suresh,Male,697.3899127582769
Raj,Male,700.0942636056377
Rahul,Male,703.0297187358728
Raj,Male,694.1083961201106
Arjun,Male,701.9261914758694
Arjun,Male,698.5600002229834
Raj,Male,699.0572728276903
Raj,Male,701.8146106348064
Amit,Male,686.8647220164601
Raj,Male,700.3956972413365
Raj,Male,701.6344774661748
Suresh,Male,701.2884962135591
Suresh,Male,697.8416924456385
Arjun,Male,711.3785777596937
Suresh,Male,696.4634744511845
Raj,Male,702.2732590682319
Vikram,Male,712.9729753392554
Raj,Male,699.2062385997968
Amit,Male,702.1446326746756
Rahul,Male,699.036153636851
Arjun,Male,712.373697935636
Suresh,Male,697.4227543841371
Vikram,Male,712.8335457728821
Rahul,Male,698.9641210535293
Vikram,Male,691.4054027655199
Arjun,Male,706.7937317057413
Suresh,Male,696.9533216624434
Amit,Male,706.2050089909916
Arjun,Male,672.7059561507626
Vikram,Male,700.0520526189495
Vikram,Male,695.4039470124252
Arjun,Male,689.3674131346872
Raj,Male,694.467589981602
Arjun,Male,694.2629685570735
Suresh,Male,699.5201420514942
Suresh,Male,686.3267353871504
Amit,Male,703.1627378025971
Arjun,Male,713.6621478520578
Rahul,Male,702.8092849694783
Suresh,Male,708.08988609229
Suresh,Male,710.945624546138
Suresh,Male,712.3648951218418
Raj,Male,718.7013869282131
Rahul,Male,695.0079800172407
Arjun,Male,692.8151601483888
Raj,Male,707.8346564832474
Suresh,Male,707.082662196574
Rahul,Male,707.7567529961569
Rahul,Male,718.8928245425025
Raj,Male,700.113699087985
Suresh,Male,704.2615655964619
Raj,Male,690.1961174851652
Vikram,Male,721.3532112397596
Suresh,Male,696.6345507879089
Raj,Male,696.9178407183917
Arjun,Male,696.5325010899176
Suresh,Male,693.5510414135566
Amit,Male,692.7056295115235
Suresh,Male,694.7629571711047
Vikram,Male,686.3420407194906
Raj,Male,692.1468207973676
Amit,Male,719.4896311144762
Vikram,Male,707.3565514364137
Arjun,Male,709.2590417672772
Suresh,Male,711.7720878741692
Amit,Male,718.3413456436239
Raj,Male,682.2857744855615
Raj,Male,687.7011688471346
Arjun,Male,691.9627633910532
Vikram,Male,695.3027020351041
Amit,Male,696.9943060941475
Arjun,Male,695.5302244719396
Vikram,Male,702.1930891313206
Rahul,Male,700.3529539074522
Rahul,Male,692.7716520482174
Vikram,Male,678.2445122301243
Raj,Male,690.071312946213
Raj,Male,694.5076134668742
Rahul,Male,697.5292056319228
Raj,Male,688.7033254068946
Raj,Male,695.0919353350358
Vikram,Male,688.6901261151442
Suresh,Male,698.7418064845167
Vikram,Male,689.2690867163739
Raj,Male,691.5109534362954
Vikram,Male,686.9131586901086
Amit,Male,698.4649930443021
Rahul,Male,691.335522300476
Suresh,Male,709.0678426667542
Amit,Male,704.058502666929
Amit,Male,699.3014813181636
Raj,Male,692.0251450265621
Raj,Male,703.805203053163
Amit,Male,706.9070088934864
Amit,Male,701.4268841220163
Arjun,Male,716.0370185546693
Arjun,Male,704.5963731807482
Rahul,Male,709.1360721756804
Amit,Male,701.3356541553597
Vikram,Male,706.7566445325698
Suresh,Male,692.0321876733083
Arjun,Male,695.4160163678721
Raj,Male,703.4936355348239
Amit,Male,703.4209948155739
Vikram,Male,705.0761182294325
Suresh,Male,711.0039289227873
Vikram,Male,685.7502882818459
Vikram,Male,690.2554745238971
Raj,Male,702.2957264107425
Arjun,Male,692.7563636819654
Vikram,Male,733.7776824128936
Suresh,Male,705.1571961917014
Arjun,Male,699.2166915106984
Rahul,Male,694.8453072691614
Raj,Male,695.1983771680696
Arjun,Male,700.3014066131518
Arjun,Male,701.1198193262126
Vikram,Male,695.4330085530648
Suresh,Male,697.268477534801
Vikram,Male,713.442845752346
Suresh,Male,713.8450496265103
Raj,Male,702.5203397993488
Arjun,Male,686.5874027276326
Amit,Male,705.3850315663905
Suresh,Male,715.5428244161103
Suresh,Male,713.6978110196238
Vikram,Male,707.3442585280967
Vikram,Male,714.2242295528582
Rahul,Male,700.5338427247902
Suresh,Male,706.2810296983371
Raj,Male,693.1922443367482
Arjun,Male,702.9226545615571
Arjun,Male,713.2953424397052
Arjun,Male,694.1057658851311
Suresh,Male,691.3855657053572
Vikram,Male,700.974889390237
Raj,Male,697.73337796276
Arjun,Male,706.4914772107043
Suresh,Male,695.4674047405296
Amit,Male,717.1843961560271
Rahul,Male,687.1032390203894
Rahul,Male,712.5373478621973
Arjun,Male,692.351507716919
Vikram,Male,682.0401726541597
Rahul,Male,702.3787515634887
Rahul,Male,697.4539201398611
Rahul,Male,688.9039063209697
Rahul,Male,683.1862310828474
Arjun,Male,699.9163921272855
Suresh,Male,709.7583689162382
Raj,Male,705.8495349308645
Raj,Male,700.5670664883927
Vikram,Male,704.7884757321774
Suresh,Male,699.7278586762214
Amit,Male,685.7027575696962
Raj,Male,685.7910601477656
Amit,Male,697.9683147101532
Raj,Male,698.3934671363393
Raj,Male,708.5098267850676
Vikram,Male,707.5730422377475
Rahul,Male,706.0513301575895
Vikram,Male,697.1971728692282
Raj,Male,686.1934782988986
Suresh,Male,704.1207113706603
Rahul,Male,705.2516931326217
Suresh,Male,676.1146853752232
Suresh,Male,691.6566181341734
Suresh,Male,693.0894562260611
Rahul,Male,701.1835020112344
Suresh,Male,691.9663956723431
Rahul,Male,699.6186543117536
Amit,Male,697.8946505964701
Raj,Male,698.4085052846227
Arjun,Male,692.8360570629925
Suresh,Male,693.6101494593332
Vikram,Male,689.1973294021931
Amit,Male,703.8006744057383
Vikram,Male,705.7110262859137
Arjun,Male,692.2938204987466
Rahul,Male,715.2064009601704
Arjun,Male,696.8539855255796
Vikram,Male,715.3018562379656
Arjun,Male,693.578728261684
Raj,Male,679.7342222340056
Arjun,Male,704.0219782491235
Suresh,Male,702.4854510511899
Raj,Male,700.3439379530759
Suresh,Male,693.5776752155601
Arjun,Male,699.6542777451418
Raj,Male,694.8874054213047
Raj,Male,696.9765043366825
Arjun,Male,708.4163225576508
Amit,Male,701.8421722953009
Rahul,Male,706.0995138733198
Rahul,Male,697.6813149337421
Rahul,Male,696.5798265419522
Raj,Male,688.4651746911136
Rahul,Male,696.299633874318
Raj,Male,666.7888544441087
Amit,Male,694.0977803369436
Arjun,Male,699.1812582280916
Arjun,Male,705.6367365427016
Raj,Male,697.3132212247505
Raj,Male,703.47673542245
Amit,Male,678.2021133860975
Rahul,Male,699.4316314779305
Amit,Male,683.204972070866
Arjun,Male,687.9169648434066
Arjun,Male,698.1283445213614
Suresh,Male,712.7626398787355
Rahul,Male,703.7120676347006
Arjun,Male,700.1823099713712
Suresh,Male,699.804696105329
Raj,Male,692.8637110679554
Arjun,Male,694.5601658662731
Vikram,Male,704.2737604547079
Rahul,Male,686.146394815555
Suresh,Male,705.9305405028302
Rahul,Male,696.1149293288115
Rahul,Male,708.2555707486956
Vikram,Male,709.6109345723208
Amit,Male,683.2691598749426
Raj,Male,694.1841923677279
Rahul,Male,691.4447231205937
Arjun,Male,681.8727203492685
Raj,Male,689.6746672379059
Arjun,Male,724.4125584526535
Raj,Male,706.0950989621244
Raj,Male,719.1728796860575
Suresh,Male,708.2909844001833
Arjun,Male,692.5815683899152
Arjun,Male,696.1822880332596
Raj,Male,705.8843618024031
Rahul,Male,704.3750620347304
Arjun,Male,694.2265798429166
Vikram,Male,684.9000682942079
Vikram,Male,732.8776118738874
Raj,Male,698.5885032765719
Amit,Male,696.7426110681738
Raj,Male,701.133344639053
Raj,Male,697.5727141068897
Rahul,Male,701.2272890770548
Rahul,Male,712.8694728611642
Suresh,Male,698.7545152031357
Amit,Male,688.3728956067224
Amit,Male,698.3835620552139
Amit,Male,695.3559821859009
Amit,Male,714.2389893724685
Amit,Male,711.7111906473757
Raj,Male,701.075250004308
Raj,Male,687.2126414518075
Suresh,Male,687.7410773656005
Vikram,Male,700.1512326158455
Vikram,Male,703.3632296932128
Suresh,Male,696.2537718067395
Suresh,Male,695.1983041579276
Arjun,Male,694.0720076682136
Raj,Male,699.7660603975605
Amit,Male,676.1723764792694
Arjun,Male,688.9867337123029
Rahul,Male,693.7294915455265
Raj,Male,712.0750319495193
Suresh,Male,691.8618635807107
Vikram,Male,701.804681418312
Raj,Male,702.2654275093099
Suresh,Male,712.9791650566076
Raj,Male,712.6257740696415
Raj,Male,699.4249703120508
Raj,Male,695.2451525881056
Rahul,Male,693.3616689717431
Vikram,Male,697.5893677753422
Raj,Male,695.659666456764
Suresh,Male,705.5362740935823
Rahul,Male,704.203098174852
Arjun,Male,705.9180119114502
Raj,Male,712.5928371143617
Rahul,Male,718.6286912140017
Amit,Male,701.2466339340756
Arjun,Male,710.9946377139565
Vikram,Male,696.4833981616579
Raj,Male,711.8500698358301
Raj,Male,710.6150915717584
Rahul,Male,710.08415969943
Vikram,Male,700.9406984119153
Amit,Male,693.3164183600911
Arjun,Male,686.0547156213453
Suresh,Male,699.599627924789
Vikram,Male,715.3301254224918
Raj,Male,696.9015509863593
Rahul,Male,707.8512658546006
Amit,Male,708.4395140051893
Rahul,Male,697.1631377907282
Arjun,Male,713.1634483751952
Vikram,Male,670.913392555195
Rahul,Male,687.7724972126183
Suresh,Male,690.8436770364154
Suresh,Male,691.8028497713261
Rahul,Male,703.3626295118589
Raj,Male,702.9003780305391
Rahul,Male,703.93990572175
Amit,Male,705.9608149413249
Vikram,Male,690.4989543085435
Arjun,Male,687.8182393319269
Suresh,Male,703.9631968200787
Rahul,Male,693.6976792635356
Amit,Male,684.2952495463203
Suresh,Male,709.7134428454148
Suresh,Male,713.9510190650229
Arjun,Male,715.5716088969866
Suresh,Male,701.8700772147472
Amit,Male,706.259320959729
Suresh,Male,713.6986822336191
Suresh,Male,693.5858420997656
Rahul,Male,711.1067768405409
Rahul,Male,702.753962341432
Vikram,Male,709.1371165234259
Raj,Male,701.8609302087593
Amit,Male,712.96256709748
Raj,Male,702.2352376254154
Raj,Male,685.1602094053259
Suresh,Male,714.5192663231472
Arjun,Male,690.5246925902788
Arjun,Male,712.5305821024391
Suresh,Male,699.0975711855967
Amit,Male,711.7601098519771
Raj,Male,711.3476861486677
Vikram,Male,704.3014297431537
Raj,Male,705.0853531762713
Arjun,Male,704.2262861719256
Raj,Male,679.8617524371892
Rahul,Male,701.183302188982
Rahul,Male,688.8393582392811
Vikram,Male,701.7118714374566
Amit,Male,688.5705745361679
Raj,Male,688.1504805877393
Rahul,Male,716.049345017539
Amit,Male,710.694473881242
Rahul,Male,699.9585741505584
Amit,Male,701.8476865024902
Amit,Male,697.5208397425699
Rahul,Male,705.6987637597953
Suresh,Male,693.2394563345119
Arjun,Male,709.9374026286796
Amit,Male,697.4691315898589
Suresh,Male,695.8015300416877
Raj,Male,700.2171301848484
Suresh,Male,694.0885317007439
Rahul,Male,703.2868234949648
Suresh,Male,694.626374106866
Arjun,Male,704.6852360281883
Rahul,Male,712.1600653891147
Vikram,Male,692.8067831319182
Raj,Male,698.6942454270483
Vikram,Male,704.6133071303542
Suresh,Male,695.6414264501859
Amit,Male,704.6432056082666
Suresh,Male,705.5539886065174
Amit,Male,710.8326177629431
Vikram,Male,693.9400995391509
Vikram,Male,690.5722475976953
Amit,Male,696.9242261043626
Arjun,Male,690.322476604529
Raj,Male,705.6449820404749
Rahul,Male,688.3824869982359
Vikram,Male,723.3301641825269
Raj,Male,712.9592786157375
Rahul,Male,700.1257576960031
Suresh,Male,708.6739449299797
Rahul,Male,683.6319813568921
Vikram,Male,725.2337333139956
Arjun,Male,694.0978538779951
Arjun,Male,698.7950258610064
Raj,Male,681.4406671281156
Suresh,Male,704.8628730474089
Raj,Male,688.936558429229
Amit,Male,701.0165576156603
Arjun,Male,694.5572556707547
Raj,Male,689.2225606506966
Amit,Male,691.9563849823738
Suresh,Male,702.2578803408552
Rahul,Male,687.1850902713118
Raj,Male,692.5118832897642
Amit,Male,706.6327338126448
Arjun,Male,726.0247987487431
Rahul,Male,704.77588819553
Raj,Male,690.8273835782271
Arjun,Male,696.3288582992769
Rahul,Male,700.3158900615258
Vikram,Male,696.505750493643
Arjun,Male,709.0305816673693
Vikram,Male,702.1747348301423
Suresh,Male,709.0785238490987
Raj,Male,696.8555620970237
Amit,Male,713.2550021972125
Raj,Male,698.3351441571846
Arjun,Male,690.2881013086201
Vikram,Male,721.7732038104222
Vikram,Male,681.7502225303888
Rahul,Male,692.6126127469507
Raj,Male,693.7297214816961
Raj,Male,725.0830627305656
Arjun,Male,718.0685888414652
Vikram,Male,714.939281436422
Arjun,Male,696.6934133762367
Arjun,Male,724.2617800384178
Suresh,Male,703.6835200384097
Vikram,Male,709.7726337030313
Arjun,Male,701.796953811062
Vikram,Male,699.5053342867675
Arjun,Male,697.4822132607362
Amit,Male,697.9036000658084
Arjun,Male,706.0849164867808
Arjun,Male,703.6719979877539
Amit,Male,699.6852862979632
Raj,Male,715.0952399269886
Vikram,Male,670.3324693125927
Rahul,Male,705.098872479212
Amit,Male,707.1773870665897
Raj,Male,711.4696286825517
Arjun,Male,699.3512855894664
Suresh,Male,702.0792006738395
Raj,Male,709.8594838331472
Amit,Male,714.9116640428018
Suresh,Male,696.9946401482123
Arjun,Male,702.6697578312755
Raj,Male,716.7857396434875
Rahul,Male,678.7597292412115
Vikram,Male,693.0998740018541
Vikram,Male,714.6583597860297
Amit,Male,710.925378336083
Arjun,Male,705.224452109267
Arjun,Male,695.5140312689088
Vikram,Male,691.1818150101458
Raj,Male,694.0878438075763
Arjun,Male,715.4800822081869
Rahul,Male,693.7155731084465
Rahul,Male,701.0142296423966
Arjun,Male,692.4629235513826
Arjun,Male,708.4277403009903
Vikram,Male,694.6127371965356
Amit,Male,699.0240610984558
Vikram,Male,683.1661786695718
Amit,Male,683.8663176379506
Rahul,Male,700.0767319332151
Amit,Male,686.7484284480224
Vikram,Male,721.050866393345
Arjun,Male,679.3847688788775
Amit,Male,691.998247013359
Vikram,Male,700.1670086726755
Rahul,Male,696.3486706220422
Suresh,Male,688.9585454333608
Amit,Male,690.4207216050473
Rahul,Male,690.0934592250076
Rahul,Male,697.1327830517994
Raj,Male,719.5192908951742
Suresh,Male,700.7793729655821
Amit,Male,711.8290048938752
Vikram,Male,705.0697634582814
Amit,Male,711.1386239798222
Amit,Male,672.0003569740642
Suresh,Male,696.9554197885177
Rahul,Male,713.0713542315071
Rahul,Male,694.2826417725066
Rahul,Male,717.6247316486961
Rahul,Male,714.8389015376777
Suresh,Male,695.3086928387254
Vikram,Male,694.9683648095364
Arjun,Male,689.8639415764553
Raj,Male,693.704057681362
Rahul,Male,687.6741093583108
Rahul,Male,704.28811180433
Raj,Male,685.4395350665357
Rahul,Male,706.0373301619022
Arjun,Male,706.2807869690025
Amit,Male,683.3879559481608
Raj,Male,715.4981860632834
Vikram,Male,705.1360929441522
Raj,Male,707.4969802144487
Arjun,Male,692.4133479845723
Suresh,Male,706.2237911847312
Vikram,Male,711.2639344972207
Amit,Male,699.0139160099533
Rahul,Male,720.0192245924836
Raj,Male,700.4406463491293
Vikram,Male,711.4078580045248
Raj,Male,702.9300880725865
Amit,Male,705.8552153285686
Raj,Male,683.2866773236523
Vikram,Male,703.7105373821536
Arjun,Male,692.6502489874273
Suresh,Male,691.5360169422231
Vikram,Male,717.4410318446597
Raj,Male,697.8622975193765
Amit,Male,689.966981690245
Rahul,Male,696.4086837189112
Rahul,Male,686.9954977107809
Amit,Male,714.3388446819627
Raj,Male,693.0431925583348
Suresh,Male,705.2929993394367
Amit,Male,713.5610671421033
Raj,Male,694.9984731878527
Vikram,Male,705.3202243227279
Suresh,Male,689.6991394509557
Arjun,Male,724.4576956911368
Raj,Male,709.3638013461663
Rahul,Male,698.0739356123919
Rahul,Male,692.2716626911104
Suresh,Male,698.8600344716037
Arjun,Male,696.6001627764848
Raj,Male,719.5294455399951
Arjun,Male,687.744652777851
Vikram,Male,701.3480142329021
Arjun,Male,699.8166193336629
Vikram,Male,698.8258969965513
Rahul,Male,698.9138334506166
Vikram,Male,698.8392918987952
Raj,Male,708.730660663321
Suresh,Male,706.0898444649243
Suresh,Male,704.1891161137279
Raj,Male,669.6601063785473
Raj,Male,702.9979487416316
Raj,Male,683.4436063982992
Amit,Male,706.4632016313583
Vikram,Male,714.7449736757052
Raj,Male,690.7376088741145
Suresh,Male,697.3821927765729
Arjun,Male,694.00644294947
Arjun,Male,712.354317757568
Amit,Male,700.9502788527208
Vikram,Male,717.2832938056633
Vikram,Male,704.1375420294738
Vikram,Male,702.4245018063582
Suresh,Male,700.6820678260284
Suresh,Male,708.1799209925733
Amit,Male,682.6231380175466
Vikram,Male,700.8534395552051
Vikram,Male,699.2995355627204
Raj,Male,707.2541882715776
Vikram,Male,698.1229839412596
Suresh,Male,689.6126556583733
Raj,Male,700.073506749197
Raj,Male,689.1715947113165
Vikram,Male,680.7473778741252
Arjun,Male,707.2712248148549
Rahul,Male,705.7906157269467
Suresh,Male,704.6709094399357
Arjun,Male,713.0292842194581
Vikram,Male,693.3496810969607
Vikram,Male,685.6888585722875
Arjun,Male,699.2997022319196
Vikram,Male,696.524997002941
Suresh,Male,691.5770428322993
Raj,Male,699.2015084651221
Amit,Male,693.8839485379541
Vikram,Male,681.6399471664317
Vikram,Male,695.5882330920624
Arjun,Male,688.6362483329614
Raj,Male,702.3164807161093
Arjun,Male,693.4396524175935
Suresh,Male,711.1163147414105
Arjun,Male,716.0386606726787
Vikram,Male,706.793813730119
Raj,Male,684.4897381801668
Suresh,Male,715.0519599887904
Vikram,Male,715.7572045037376
Suresh,Male,700.1879051130794
Vikram,Male,713.2292616033553
Vikram,Male,694.4832486195332
Vikram,Male,681.3375406515041
Amit,Male,692.3971556137841
Rahul,Male,717.2930086604475
Raj,Male,685.0892007638853
Amit,Male,699.9952128193149
Rahul,Male,700.3414389334022
Suresh,Male,694.8702575603219
Rahul,Male,695.5647840016288
Rahul,Male,700.722491342362
Amit,Male,694.3783765806527
Raj,Male,685.7794150283207
Arjun,Male,702.1503194294346
Rahul,Male,710.7336658244498
Arjun,Male,708.6957251865342
Arjun,Male,691.9026453261018
Vikram,Male,687.4877208462233
Arjun,Male,697.1581211784522
Suresh,Male,715.6779150979567
Suresh,Male,706.4559807895954
Vikram,Male,707.0396467679424
Raj,Male,708.898569517855
Raj,Male,704.2076656251859
Suresh,Male,701.2060854761357
Vikram,Male,706.6230689664797
Raj,Male,694.5383389578199
Rahul,Male,685.8553698863368
Raj,Male,707.2299693462433
Vikram,Male,712.3773810574922
Suresh,Male,688.8176806064397
Rahul,Male,708.219214824159
Arjun,Male,716.8076571338819
Arjun,Male,699.9775379824288
Arjun,Male,691.8199781525825
Suresh,Male,701.2301867352676
Vikram,Male,694.494660317993
Arjun,Male,693.832698900436
Raj,Male,704.3318406727154
Arjun,Male,683.962705249701
Amit,Male,685.5607107750777
Suresh,Male,700.1929088037394
Amit,Male,699.7769146108757
Arjun,Male,703.4355457703994
Arjun,Male,718.7522538848339
Amit,Male,701.0451403607582
Suresh,Male,705.9817215033479
Suresh,Male,690.2446706438536
Arjun,Male,707.6793766351653
Suresh,Male,694.7360913488932
Rahul,Male,700.7142083258109
Suresh,Male,698.9115137493084
Amit,Male,710.3297423491404
Vikram,Male,686.90023445625
Amit,Male,677.1676136538496
Raj,Male,697.8656730291208
Rahul,Male,704.6853125690512
Vikram,Male,701.522693758075
Arjun,Male,712.3220423741391
Raj,Male,704.3737267417966
Raj,Male,694.3615166814014
Rahul,Male,676.7457984586032
Vikram,Male,697.6268776580478
Raj,Male,710.279590022578
Vikram,Male,696.0795221733289
Vikram,Male,700.2832026367777
Suresh,Male,704.213602543067
Raj,Male,689.8470762575018
Vikram,Male,706.2323589663881
Rahul,Male,716.3712179000171
Raj,Male,698.2718664810659
Rahul,Male,688.709355781677
Rahul,Male,699.3339897297802
Vikram,Male,677.7561589139113
Vikram,Male,703.3690326397661
Suresh,Male,704.5227437764858
Suresh,Male,716.7563629384556
Raj,Male,698.0600520743337
Suresh,Male,704.0848533814647
Arjun,Male,691.387118976141
Raj,Male,696.4357287947493
Rahul,Male,684.748145633378
Suresh,Male,698.0521037871677
Suresh,Male,696.9469084648143
Suresh,Male,702.991997660889
Vikram,Male,693.7640311966736
Rahul,Male,700.8334535097509
Suresh,Male,696.6661994439233
Amit,Male,696.6850061170048
Amit,Male,700.8036232596303
Rahul,Male,700.4052294231701
Suresh,Male,707.6117403905164
Arjun,Male,698.7935696587017
Arjun,Male,696.5011465087699
Raj,Male,698.1919255491277
Raj,Male,692.8533588315901
Suresh,Male,696.4008890643332
Raj,Male,720.3115871307323
Vikram,Male,690.8732123930413
Arjun,Male,697.2134366612069
Rahul,Male,696.1251133673031
Suresh,Male,697.528283877556
Suresh,Male,696.687606911216
Amit,Male,702.79240101221
Arjun,Male,682.8982489860821
Arjun,Male,710.3717147253201
Arjun,Male,706.3258279964219
Raj,Male,687.5712841393687
Vikram,Male,677.309227270476
Rahul,Male,690.229278538586
Raj,Male,697.5733353857288
Vikram,Male,725.8029189869078
Arjun,Male,705.4325696497427
Vikram,Male,681.9241035081855
Raj,Male,693.1034449509906
Arjun,Male,699.4678756372701
Raj,Male,702.536835542981
Rahul,Male,686.8525113968958
Arjun,Male,698.6500977202294
Vikram,Male,692.8236086238946
Raj,Male,688.9624143739768
Amit,Male,702.5959564669895
Vikram,Male,707.7387717344283
Vikram,Male,708.4104127696162
Arjun,Male,705.7438635113388
Suresh,Male,695.0263046685974
Vikram,Male,707.145497614635
Raj,Male,703.0905443810428
Amit,Male,701.3394188295201
Rahul,Male,693.883068782982
Amit,Male,695.0312387265847
Raj,Male,700.7388693612455
